[
  {"model": "aceofclubs.user",
    "pk": 1,
    "fields": {
      "password": "pbkdf2_sha256$216000$CRsyKxCGtvZW$bMxOoVgU9fkFc8cXcNTEnERq/b2XiPgvykAmxrIv4DE=",
      "is_superuser": true,
      "username": "admin",
      "first_name": "",
      "last_name": "",
      "email": "admin@aceofclubs.com",
      "is_staff": true,
      "is_active": true,
      "date_joined": "2020-12-05T10:37:03.966Z",
      "groups": []
    }
  },
  {
    "model": "aceofclubs.user",
    "pk": 2,
    "fields": {
      "password": "pbkdf2_sha256$216000$CRsyKxCGtvZW$bMxOoVgU9fkFc8cXcNTEnERq/b2XiPgvykAmxrIv4DE=",
      "username": "musik1",
      "email": "andreas.reiter@musik.at",
      "first_name": "Andreas",
      "last_name": "Reiter",
      "is_active": true,
      "is_staff": false,
      "groups": [1]
    }
  },
  {
    "model": "aceofclubs.user",
    "pk": 3,
    "fields": {
      "password": "pbkdf2_sha256$216000$CRsyKxCGtvZW$bMxOoVgU9fkFc8cXcNTEnERq/b2XiPgvykAmxrIv4DE=",
      "username": "musik2",
      "email": "lukas.huber@musik.at",
      "first_name": "Lukas",
      "last_name": "Huber",
      "is_active": true,
      "is_staff": false,
      "groups": [2]
    }
  },
  {
    "model": "aceofclubs.user",
    "pk": 4,
    "fields": {
      "password": "",
      "username": "musik3",
      "email": "anna.maier@musik.at",
      "first_name": "Anna",
      "last_name": "Maier",
      "is_active": true,
      "is_staff": false
    }
  },
  {
    "model": "aceofclubs.user",
    "pk": 5,
    "fields": {
      "password": "",
      "username": "musik4",
      "email": "thomas.pichler@musik.at",
      "first_name": "Thomas",
      "last_name": "Pichler",
      "is_active": true,
      "is_staff": false
    }
  },
  {
    "model": "aceofclubs.user",
    "pk": 6,
    "fields": {
      "password": "",
      "username": "musik5",
      "email": "lisa.winkler@musik.at",
      "first_name": "Lisa",
      "last_name": "Winkler",
      "is_active": true,
      "is_staff": false
    }
  },
  {
    "model": "aceofclubs.user",
    "pk": 7,
    "fields": {
      "password": "",
      "username": "musik6",
      "email": "sarah.leitner@musik.at",
      "first_name": "Sarah",
      "last_name": "Leitner",
      "is_active": true,
      "is_staff": false
    }
  },
  {
    "model": "aceofclubs.user",
    "pk": 8,
    "fields": {
      "password": "",
      "username": "musik7",
      "email": "peter.keller@musik.at",
      "first_name": "Peter",
      "last_name": "Keller",
      "is_active": true,
      "is_staff": false
    }
  },
  {
    "model": "aceofclubs.user",
    "pk": 9,
    "fields": {
      "password": "",
      "username": "musik8",
      "email": "bettina.thaler@musik.at",
      "first_name": "Bettina",
      "last_name": "Thaler",
      "is_active": true,
      "is_staff": false
    }
  },
  {
    "model": "aceofclubs.user",
    "pk": 10,
    "fields": {
      "password": "",
      "username": "musik9",
      "email": "richard.radler@musik.at",
      "first_name": "Richard",
      "last_name": "Radler",
      "is_active": true,
      "is_staff": false
    }
  },
  {
    "model": "aceofclubs.user",
    "pk": 11,
    "fields": {
      "password": "",
      "username": "musik10",
      "email": "melanie.bauer@musik.at",
      "first_name": "Melanie",
      "last_name": "Bauer",
      "is_active": true,
      "is_staff": false
    }
  },
  {
    "model": "aceofclubs.user",
    "pk": 12,
    "fields": {
      "password": "",
      "username": "musik11",
      "email": "katharina.lackner@musik.at",
      "first_name": "Katharina",
      "last_name": "Lackner",
      "is_active": true,
      "is_staff": false
    }
  },
  {
    "model": "aceofclubs.user",
    "pk": 13,
    "fields": {
      "password": "",
      "username": "musik12",
      "email": "hans.lorenz@musik.at",
      "first_name": "Hans",
      "last_name": "Lorenz",
      "is_active": true,
      "is_staff": false
    }
  },
  {
    "model": "aceofclubs.user",
    "pk": 14,
    "fields": {
      "password": "",
      "username": "musik13",
      "email": "gerhard.ecker@musik.at",
      "first_name": "Gerhard",
      "last_name": "Ecker",
      "is_active": true,
      "is_staff": false
    }
  },
  {
    "model": "aceofclubs.user",
    "pk": 15,
    "fields": {
      "password": "",
      "username": "musik14",
      "email": "reinhard.grabner@musik.at",
      "first_name": "Reinhard",
      "last_name": "Grabner",
      "is_active": true,
      "is_staff": false
    }
  },
  {
    "model": "aceofclubs.user",
    "pk": 16,
    "fields": {
      "password": "",
      "username": "musik15",
      "email": "andrea.haider@musik.at",
      "first_name": "Andrea",
      "last_name": "Haider",
      "is_active": true,
      "is_staff": false
    }
  },
  {"model": "aceofclubs.group",
    "pk": 1,
    "fields": {
      "name": "ALLE"
    }
  },
  {"model": "aceofclubs.group",
    "pk": 2,
    "fields": {
      "name": "Posaune"
    }
  },
  {"model": "aceofclubs.group",
    "pk": 3,
    "fields": {
      "name": "Trompete"
    }
  },
  {"model": "aceofclubs.group",
    "pk": 4,
    "fields": {
      "name": "Klarinette"
    }
  },
  {"model": "aceofclubs.group",
    "pk": 5,
    "fields": {
      "name": "Tuba"
    }
  },
  {"model": "aceofclubs.group",
    "pk": 6,
    "fields": {
      "name": "Querflöte"
    }
  },
  {"model": "aceofclubs.eventtype",
    "pk": 1,
    "fields": {
      "description": "Probe"
    }
  },
  {"model": "aceofclubs.eventtype",
    "pk": 2,
    "fields": {
      "description": "Auftritt"
    }
  },
  {"model": "aceofclubs.eventtype",
    "pk": 3,
    "fields": {
      "description": "Wettbewerb"
    }
  },
  {"model": "aceofclubs.eventtype",
    "pk": 4,
    "fields": {
      "description": "Besprechung"
    }
  },
  {"model": "aceofclubs.eventtype",
    "pk": 5,
    "fields": {
      "description": "Sitzung"
    }
  },
  {"model": "aceofclubs.state",
    "pk": 1,
    "fields": {
      "description": "keine Antwort"
    }
  },
  {"model": "aceofclubs.state",
    "pk": 2,
    "fields": {
      "description": "Teilnehmen"
    }
  },
  {"model": "aceofclubs.state",
    "pk": 3,
    "fields": {
      "description": "Absage"
    }
  },
  {"model": "aceofclubs.usergroup",
    "pk": 1,
    "fields": {
      "user": 1,
      "group": 1,
      "is_leader": true
    }
  },
  {"model": "aceofclubs.usergroup",
    "pk": 2,
    "fields": {
      "user": 2,
      "group": 1,
      "is_leader": false
    }
  },
  {"model": "aceofclubs.usergroup",
    "pk": 3,
    "fields": {
      "user": 3,
      "group": 1,
      "is_leader": false
    }
  },
  {"model": "aceofclubs.usergroup",
    "pk": 4,
    "fields": {
      "user": 4,
      "group": 1,
      "is_leader": false
    }
  },
  {"model": "aceofclubs.usergroup",
    "pk": 5,
    "fields": {
      "user": 5,
      "group": 1,
      "is_leader": false
    }
  },
  {"model": "aceofclubs.usergroup",
    "pk": 6,
    "fields": {
      "user": 6,
      "group": 1,
      "is_leader": false
    }
  },
  {"model": "aceofclubs.usergroup",
    "pk": 7,
    "fields": {
      "user": 7,
      "group": 1,
      "is_leader": false
    }
  },
  {"model": "aceofclubs.usergroup",
    "pk": 8,
    "fields": {
      "user": 8,
      "group": 1,
      "is_leader": false
    }
  },
  {"model": "aceofclubs.usergroup",
    "pk": 9,
    "fields": {
      "user": 9,
      "group": 1,
      "is_leader": false
    }
  },
  {"model": "aceofclubs.usergroup",
    "pk": 10,
    "fields": {
      "user": 10,
      "group": 1,
      "is_leader": false
    }
  },
  {"model": "aceofclubs.usergroup",
    "pk": 11,
    "fields": {
      "user": 11,
      "group": 1,
      "is_leader": false
    }
  },
  {"model": "aceofclubs.usergroup",
    "pk": 12,
    "fields": {
      "user": 12,
      "group": 1,
      "is_leader": false
    }
  },
  {"model": "aceofclubs.usergroup",
    "pk": 13,
    "fields": {
      "user": 13,
      "group": 1,
      "is_leader": false
    }
  },
  {"model": "aceofclubs.usergroup",
    "pk": 14,
    "fields": {
      "user": 14,
      "group": 1,
      "is_leader": false
    }
  },
  {"model": "aceofclubs.usergroup",
    "pk": 15,
    "fields": {
      "user": 15,
      "group": 1,
      "is_leader": false
    }
  },
  {"model": "aceofclubs.usergroup",
    "pk": 16,
    "fields": {
      "user": 16,
      "group": 1,
      "is_leader": false
    }
  },
  {"model": "aceofclubs.usergroup",
    "pk": 17,
    "fields": {
      "user": 2,
      "group": 2,
      "is_leader": true
    }
  },
  {"model": "aceofclubs.usergroup",
    "pk": 18,
    "fields": {
      "user": 3,
      "group": 2,
      "is_leader": false
    }
  },
  {"model": "aceofclubs.usergroup",
    "pk": 19,
    "fields": {
      "user": 4,
      "group": 2,
      "is_leader": false
    }
  },
  {"model": "aceofclubs.usergroup",
    "pk": 20,
    "fields": {
      "user": 5,
      "group": 3,
      "is_leader": true
    }
  },
  {"model": "aceofclubs.usergroup",
    "pk": 21,
    "fields": {
      "user": 6,
      "group": 3,
      "is_leader": false
    }
  },
  {"model": "aceofclubs.usergroup",
    "pk": 22,
    "fields": {
      "user": 7,
      "group": 3,
      "is_leader": false
    }
  },
  {"model": "aceofclubs.usergroup",
    "pk": 23,
    "fields": {
      "user": 8,
      "group": 4,
      "is_leader": true
    }
  },
  {"model": "aceofclubs.usergroup",
    "pk": 24,
    "fields": {
      "user": 9,
      "group": 4,
      "is_leader": false
    }
  },
  {"model": "aceofclubs.usergroup",
    "pk": 25,
    "fields": {
      "user": 10,
      "group": 4,
      "is_leader": false
    }
  },
  {"model": "aceofclubs.usergroup",
    "pk": 26,
    "fields": {
      "user": 11,
      "group": 5,
      "is_leader": true
    }
  },
  {"model": "aceofclubs.usergroup",
    "pk": 27,
    "fields": {
      "user": 12,
      "group": 5,
      "is_leader": false
    }
  },
  {"model": "aceofclubs.usergroup",
    "pk": 28,
    "fields": {
      "user": 13,
      "group": 5,
      "is_leader": false
    }
  },
  {"model": "aceofclubs.usergroup",
    "pk": 29,
    "fields": {
      "user": 14,
      "group": 6,
      "is_leader": true
    }
  },
  {"model": "aceofclubs.usergroup",
    "pk": 30,
    "fields": {
      "user": 15,
      "group": 6,
      "is_leader": false
    }
  },
  {"model": "aceofclubs.usergroup",
    "pk": 31,
    "fields": {
      "user": 16,
      "group": 6,
      "is_leader": false
    }
  },
  {
    "model": "aceofclubs.event",
    "pk": 1,
    "fields": {
      "name": "Probe",
      "start_date": "2021-01-09",
      "start_time": "19:00:00",
      "end_date": "2021-01-09",
      "end_time": "21:00:00",
      "active": true,
      "group": [
        2,
        3,
        4
      ],
      "ev_type": 1
    }
  },
  {
    "model": "aceofclubs.event",
    "pk": 2,
    "fields": {
      "name": "Probe",
      "start_date": "2021-01-15",
      "start_time": "19:00:00",
      "end_date": "2021-01-15",
      "end_time": "21:00:00",
      "active": true,
      "group": [
        1
      ],
      "ev_type": 1
    }
  },
  {
    "model": "aceofclubs.event",
    "pk": 3,
    "fields": {
      "name": "Probe",
      "start_date": "2021-01-06",
      "start_time": "19:00:00",
      "end_date": "2021-01-06",
      "end_time": "21:00:00",
      "active": true,
      "group": [
        3,
        4,
        5,
        6
      ],
      "ev_type": 1
    }
  },
  {
    "model": "aceofclubs.event",
    "pk": 4,
    "fields": {
      "name": "Probe",
      "start_date": "2021-01-13",
      "start_time": "19:00:00",
      "end_date": "2021-01-13",
      "end_time": "21:00:00",
      "active": true,
      "group": [
        1
      ],
      "ev_type": 1
    }
  },
  {
    "model": "aceofclubs.event",
    "pk": 5,
    "fields": {
      "name": "Probe",
      "start_date": "2021-01-20",
      "start_time": "19:00:00",
      "end_date": "2021-01-20",
      "end_time": "21:00:00",
      "active": true,
      "group": [
        2,
        3,
        6
      ],
      "ev_type": 1
    }
  },
  {
    "model": "aceofclubs.event",
    "pk": 6,
    "fields": {
      "name": "Probe",
      "start_date": "2021-01-22",
      "start_time": "19:00:00",
      "end_date": "2021-01-22",
      "end_time": "21:00:00",
      "active": true,
      "group": [
        1
      ],
      "ev_type": 1
    }
  },
  {
    "model": "aceofclubs.event",
    "pk": 7,
    "fields": {
      "name": "Probe",
      "start_date": "2021-01-27",
      "start_time": "19:00:00",
      "end_date": "2021-01-27",
      "end_time": "21:00:00",
      "active": true,
      "group": [
        1
      ],
      "ev_type": 1
    }
  },
  {
    "model": "aceofclubs.event",
    "pk": 8,
    "fields": {
      "name": "Probe",
      "start_date": "2021-01-28",
      "start_time": "19:00:00",
      "end_date": "2021-01-28",
      "end_time": "21:00:00",
      "active": true,
      "group": [
        2,
        3,
        4,
        5
      ],
      "ev_type": 1
    }
  },
  {
    "model": "aceofclubs.event",
    "pk": 9,
    "fields": {
      "name": "Probe",
      "start_date": "2021-01-30",
      "start_time": "19:00:00",
      "end_date": "2021-01-30",
      "end_time": "21:00:00",
      "active": true,
      "group": [
        1
      ],
      "ev_type": 1
    }
  },
  {
    "model": "aceofclubs.event",
    "pk": 10,
    "fields": {
      "name": "Probe",
      "start_date": "2021-02-02",
      "start_time": "19:00:00",
      "end_date": "2021-02-02",
      "end_time": "21:00:00",
      "active": true,
      "group": [
        2,
        3,
        4
      ],
      "ev_type": 1
    }
  },
  {
    "model": "aceofclubs.event",
    "pk": 11,
    "fields": {
      "name": "Probe",
      "start_date": "2021-02-04",
      "start_time": "19:00:00",
      "end_date": "2021-02-04",
      "end_time": "21:00:00",
      "active": true,
      "group": [
        3,
        4,
        5
      ],
      "ev_type": 1
    }
  },
  {
    "model": "aceofclubs.event",
    "pk": 12,
    "fields": {
      "name": "Probe",
      "start_date": "2021-02-06",
      "start_time": "19:00:00",
      "end_date": "2021-02-06",
      "end_time": "21:00:00",
      "active": true,
      "group": [
        4,
        5,
        6
      ],
      "ev_type": 1
    }
  },
  {
    "model": "aceofclubs.event",
    "pk": 13,
    "fields": {
      "name": "Probe",
      "start_date": "2021-02-08",
      "start_time": "19:00:00",
      "end_date": "2021-02-08",
      "end_time": "21:00:00",
      "active": true,
      "group": [
        2,
        5,
        6
      ],
      "ev_type": 1
    }
  },
  {
    "model": "aceofclubs.event",
    "pk": 14,
    "fields": {
      "name": "Probe",
      "start_date": "2021-02-15",
      "start_time": "19:00:00",
      "end_date": "2021-02-15",
      "end_time": "21:00:00",
      "active": true,
      "group": [
        2,
        3,
        6
      ],
      "ev_type": 1
    }
  },
  {
    "model": "aceofclubs.event",
    "pk": 15,
    "fields": {
      "name": "Auftritt Graz",
      "start_date": "2021-02-15",
      "start_time": "19:00:00",
      "end_date": "2021-02-15",
      "end_time": "21:00:00",
      "active": true,
      "group": [
        2,
        3,
        6
      ],
      "ev_type": 1
    }
  },
  {
    "model": "aceofclubs.event",
    "pk": 16,
    "fields": {
      "name": "Auftritt Wien",
      "start_date": "2021-01-08",
      "start_time": "14:00:00",
      "end_date": "2021-01-08",
      "end_time": "17:00:00",
      "active": true,
      "group": [
        1
      ],
      "ev_type": 2
    }
  },
  {
    "model": "aceofclubs.event",
    "pk": 17,
    "fields": {
      "name": "Auftritt Linz",
      "start_date": "2021-01-11",
      "start_time": "18:00:00",
      "end_date": "2021-01-11",
      "end_time": "22:00:00",
      "active": true,
      "group": [
        1
      ],
      "ev_type": 2
    }
  },
  {
    "model": "aceofclubs.event",
    "pk": 18,
    "fields": {
      "name": "Auftritt Innsbruck",
      "start_date": "2021-01-14",
      "start_time": "19:00:00",
      "end_date": "2021-01-14",
      "end_time": "23:00:00",
      "active": true,
      "group": [
        2,
        3,
        4,
        5
      ],
      "ev_type": 2
    }
  },
  {
    "model": "aceofclubs.event",
    "pk": 19,
    "fields": {
      "name": "Konzert Graz",
      "start_date": "2021-01-15",
      "start_time": "19:00:00",
      "end_date": "2021-01-15",
      "end_time": "23:00:00",
      "active": true,
      "group": [
        2,
        3,
        4,
        6
      ],
      "ev_type": 2
    }
  },
  {
    "model": "aceofclubs.event",
    "pk": 20,
    "fields": {
      "name": "Konzert Wien",
      "start_date": "2021-01-31",
      "start_time": "19:00:00",
      "end_date": "2021-01-31",
      "end_time": "23:00:00",
      "active": true,
      "group": [
        1
      ],
      "ev_type": 2
    }
  },
  {
    "model": "aceofclubs.event",
    "pk": 21,
    "fields": {
      "name": "Konzert Klagenfurt",
      "start_date": "2021-01-20",
      "start_time": "19:00:00",
      "end_date": "2021-01-20",
      "end_time": "23:00:00",
      "active": true,
      "group": [
        1
      ],
      "ev_type": 2
    }
  },
  {
    "model": "aceofclubs.event",
    "pk": 22,
    "fields": {
      "name": "Konzert Salzburg",
      "start_date": "2021-02-05",
      "start_time": "16:00:00",
      "end_date": "2021-02-05",
      "end_time": "18:00:00",
      "active": true,
      "group": [
        4
      ],
      "ev_type": 2
    }
  },
  {
    "model": "aceofclubs.event",
    "pk": 23,
    "fields": {
      "name": "Auftritt Wels",
      "start_date": "2021-02-10",
      "start_time": "16:00:00",
      "end_date": "2021-02-10",
      "end_time": "18:00:00",
      "active": true,
      "group": [
        2
      ],
      "ev_type": 2
    }
  },
  {
    "model": "aceofclubs.event",
    "pk": 24,
    "fields": {
      "name": "Probe",
      "start_date": "2021-02-10",
      "start_time": "14:00:00",
      "end_date": "2021-02-10",
      "end_time": "16:00:00",
      "active": true,
      "group": [
        2
      ],
      "ev_type": 1
    }
  },
  {
    "model": "aceofclubs.event",
    "pk": 25,
    "fields": {
      "name": "Wettbewerb",
      "start_date": "2021-02-26",
      "start_time": "10:00:00",
      "end_date": "2021-02-26",
      "end_time": "18:00:00",
      "active": true,
      "group": [
        1
      ],
      "ev_type": 3
    }
  },
  {
    "model": "aceofclubs.event",
    "pk": 26,
    "fields": {
      "name": "Marschwertung",
      "start_date": "2021-03-26",
      "start_time": "10:00:00",
      "end_date": "2021-03-26",
      "end_time": "18:00:00",
      "active": true,
      "group": [
        1
      ],
      "ev_type": 3
    }
  },
  {
    "model": "aceofclubs.event",
    "pk": 27,
    "fields": {
      "name": "Wettbewerb",
      "start_date": "2021-04-26",
      "start_time": "10:00:00",
      "end_date": "2021-04-26",
      "end_time": "18:00:00",
      "active": true,
      "group": [
        3,
        4,
        5
      ],
      "ev_type": 3
    }
  },
  {
    "model": "aceofclubs.event",
    "pk": 28,
    "fields": {
      "name": "Besprechung 01.2021",
      "start_date": "2021-01-31",
      "start_time": "09:00:00",
      "end_date": "2021-01-31",
      "end_time": "11:30:00",
      "active": true,
      "group": [
        1
      ],
      "ev_type": 4
    }
  },
  {
    "model": "aceofclubs.event",
    "pk": 29,
    "fields": {
      "name": "Gruppenbesprechung Posaune",
      "start_date": "2021-01-15",
      "start_time": "09:00:00",
      "end_date": "2021-01-31",
      "end_time": "11:30:00",
      "active": true,
      "group": [
        2
      ],
      "ev_type": 4
    }
  },
  {
    "model": "aceofclubs.event",
    "pk": 30,
    "fields": {
      "name": "Gruppenbesprechung Trompete",
      "start_date": "2021-01-16",
      "start_time": "09:00:00",
      "end_date": "2021-01-16",
      "end_time": "11:30:00",
      "active": true,
      "group": [
        3
      ],
      "ev_type": 4
    }
  },
  {
    "model": "aceofclubs.event",
    "pk": 31,
    "fields": {
      "name": "Gruppenbesprechung Klarinetten",
      "start_date": "2021-01-17",
      "start_time": "09:00:00",
      "end_date": "2021-01-17",
      "end_time": "11:30:00",
      "active": true,
      "group": [
        4
      ],
      "ev_type": 4
    }
  },
  {
    "model": "aceofclubs.event",
    "pk": 32,
    "fields": {
      "name": "Gruppenbesprechung Tubas",
      "start_date": "2021-01-18",
      "start_time": "09:00:00",
      "end_date": "2021-01-18",
      "end_time": "11:30:00",
      "active": true,
      "group": [
        5
      ],
      "ev_type": 4
    }
  },
  {
    "model": "aceofclubs.event",
    "pk": 33,
    "fields": {
      "name": "Gruppenbesprechung Querflöten",
      "start_date": "2021-01-19",
      "start_time": "09:00:00",
      "end_date": "2021-01-19",
      "end_time": "11:30:00",
      "active": true,
      "group": [
        6
      ],
      "ev_type": 4
    }
  },
  {
    "model": "aceofclubs.event",
    "pk": 34,
    "fields": {
      "name": "Bezirksmusikfest",
      "start_date": "2021-03-30",
      "start_time": "10:00:00",
      "end_date": "2021-03-30",
      "end_time": "22:00:00",
      "active": true,
      "group": [
        1
      ],
      "ev_type": 5
    }
  },
  {
    "model": "aceofclubs.event",
    "pk": 35,
    "fields": {
      "name": "Nacht der Blasmusik",
      "start_date": "2021-02-28",
      "start_time": "19:00:00",
      "end_date": "2021-02-28",
      "end_time": "23:00:00",
      "active": true,
      "group": [
        1
      ],
      "ev_type": 5
    }
  },
  {
    "model": "aceofclubs.userevent",
    "pk": 1,
    "fields": {
      "user": 2,
      "event": 1,
      "state": 2
    }
  },
  {
    "model": "aceofclubs.userevent",
    "pk": 2,
    "fields": {
      "user": 3,
      "event": 1,
      "state": 2
    }
  },
  {
    "model": "aceofclubs.userevent",
    "pk": 3,
    "fields": {
      "user": 4,
      "event": 1,
      "state": 2
    }
  },
  {
    "model": "aceofclubs.userevent",
    "pk": 4,
    "fields": {
      "user": 5,
      "event": 1,
      "state": 1
    }
  },
  {
    "model": "aceofclubs.userevent",
    "pk": 5,
    "fields": {
      "user": 6,
      "event": 1,
      "state": 2
    }
  },
  {
    "model": "aceofclubs.userevent",
    "pk": 6,
    "fields": {
      "user": 7,
      "event": 1,
      "state": 3
    }
  },
  {
    "model": "aceofclubs.userevent",
    "pk": 7,
    "fields": {
      "user": 8,
      "event": 1,
      "state": 3
    }
  },
  {
    "model": "aceofclubs.userevent",
    "pk": 8,
    "fields": {
      "user": 9,
      "event": 1,
      "state": 2
    }
  },
  {
    "model": "aceofclubs.userevent",
    "pk": 9,
    "fields": {
      "user": 10,
      "event": 1,
      "state": 2
    }
  }
,
  {
    "model": "aceofclubs.userevent",
    "pk": 10,
    "fields": {
      "user": 2,
      "event": 2,
      "state": 2
    }
  },
  {
    "model": "aceofclubs.userevent",
    "pk": 11,
    "fields": {
      "user": 3,
      "event": 2,
      "state": 2
    }
  },
  {
    "model": "aceofclubs.userevent",
    "pk": 12,
    "fields": {
      "user": 4,
      "event": 2,
      "state": 2
    }
  },
  {
    "model": "aceofclubs.userevent",
    "pk": 13,
    "fields": {
      "user": 5,
      "event": 2,
      "state": 2
    }
  },
  {
    "model": "aceofclubs.userevent",
    "pk": 14,
    "fields": {
      "user": 6,
      "event": 2,
      "state": 2
    }
  },
  {
    "model": "aceofclubs.userevent",
    "pk": 15,
    "fields": {
      "user": 7,
      "event": 2,
      "state": 3
    }
  },
  {
    "model": "aceofclubs.userevent",
    "pk": 16,
    "fields": {
      "user": 8,
      "event": 2,
      "state": 1
    }
  },
  {
    "model": "aceofclubs.userevent",
    "pk": 17,
    "fields": {
      "user": 9,
      "event": 2,
      "state": 2
    }
  },
  {
    "model": "aceofclubs.userevent",
    "pk": 18,
    "fields": {
      "user": 10,
      "event": 2,
      "state": 2
    }
  },
  {
    "model": "aceofclubs.userevent",
    "pk": 19,
    "fields": {
      "user": 11,
      "event": 2,
      "state": 1
    }
  },
  {
    "model": "aceofclubs.userevent",
    "pk": 20,
    "fields": {
      "user": 12,
      "event": 2,
      "state": 2
    }
  },
  {
    "model": "aceofclubs.userevent",
    "pk": 21,
    "fields": {
      "user": 13,
      "event": 2,
      "state": 3
    }
  },
  {
    "model": "aceofclubs.userevent",
    "pk": 22,
    "fields": {
      "user": 14,
      "event": 2,
      "state": 2
    }
  },
  {
    "model": "aceofclubs.userevent",
    "pk": 23,
    "fields": {
      "user": 15,
      "event": 2,
      "state": 2
    }
  },
  {
    "model": "aceofclubs.userevent",
    "pk": 24,
    "fields": {
      "user": 16,
      "event": 2,
      "state": 1
    }
  },
  {
    "model": "aceofclubs.userevent",
    "pk": 25,
    "fields": {
      "user": 5,
      "event": 3,
      "state": 2
    }
  },
  {
    "model": "aceofclubs.userevent",
    "pk": 26,
    "fields": {
      "user": 6,
      "event": 3,
      "state": 3
    }
  },
  {
    "model": "aceofclubs.userevent",
    "pk": 27,
    "fields": {
      "user": 7,
      "event": 3,
      "state": 2
    }
  },
  {
    "model": "aceofclubs.userevent",
    "pk": 28,
    "fields": {
      "user": 8,
      "event": 3,
      "state": 2
    }
  },
  {
    "model": "aceofclubs.userevent",
    "pk": 29,
    "fields": {
      "user": 9,
      "event": 3,
      "state": 2
    }
  },
  {
    "model": "aceofclubs.userevent",
    "pk": 30,
    "fields": {
      "user": 10,
      "event": 3,
      "state": 2
    }
  },
  {
    "model": "aceofclubs.userevent",
    "pk": 31,
    "fields": {
      "user": 11,
      "event": 3,
      "state": 2
    }
  },
  {
    "model": "aceofclubs.userevent",
    "pk": 32,
    "fields": {
      "user": 12,
      "event": 3,
      "state": 3
    }
  },
  {
    "model": "aceofclubs.userevent",
    "pk": 33,
    "fields": {
      "user": 13,
      "event": 3,
      "state": 2
    }
  },
  {
    "model": "aceofclubs.userevent",
    "pk": 34,
    "fields": {
      "user": 14,
      "event": 3,
      "state": 1
    }
  },
  {
    "model": "aceofclubs.userevent",
    "pk": 35,
    "fields": {
      "user": 15,
      "event": 3,
      "state": 2
    }
  },
  {
    "model": "aceofclubs.userevent",
    "pk": 36,
    "fields": {
      "user": 16,
      "event": 3,
      "state": 2
    }
  },
  {
    "model": "aceofclubs.userevent",
    "pk": 37,
    "fields": {
      "user": 2,
      "event": 4,
      "state": 3
    }
  },
  {
    "model": "aceofclubs.userevent",
    "pk": 38,
    "fields": {
      "user": 3,
      "event": 4,
      "state": 2
    }
  },
  {
    "model": "aceofclubs.userevent",
    "pk": 39,
    "fields": {
      "user": 4,
      "event": 4,
      "state": 3
    }
  },
  {
    "model": "aceofclubs.userevent",
    "pk": 40,
    "fields": {
      "user": 5,
      "event": 4,
      "state": 2
    }
  },
  {
    "model": "aceofclubs.userevent",
    "pk": 41,
    "fields": {
      "user": 6,
      "event": 4,
      "state": 2
    }
  },
  {
    "model": "aceofclubs.userevent",
    "pk": 42,
    "fields": {
      "user": 7,
      "event": 4,
      "state": 2
    }
  },
  {
    "model": "aceofclubs.userevent",
    "pk": 43,
    "fields": {
      "user": 8,
      "event": 4,
      "state": 2
    }
  },
  {
    "model": "aceofclubs.userevent",
    "pk": 44,
    "fields": {
      "user": 9,
      "event": 4,
      "state": 2
    }
  },
  {
    "model": "aceofclubs.userevent",
    "pk": 45,
    "fields": {
      "user": 10,
      "event": 4,
      "state": 2
    }
  },
  {
    "model": "aceofclubs.userevent",
    "pk": 46,
    "fields": {
      "user": 11,
      "event": 4,
      "state": 2
    }
  },
  {
    "model": "aceofclubs.userevent",
    "pk": 47,
    "fields": {
      "user": 12,
      "event": 4,
      "state": 2
    }
  },
  {
    "model": "aceofclubs.userevent",
    "pk": 48,
    "fields": {
      "user": 13,
      "event": 4,
      "state": 2
    }
  },
  {
    "model": "aceofclubs.userevent",
    "pk": 49,
    "fields": {
      "user": 14,
      "event": 4,
      "state": 2
    }
  },
  {
    "model": "aceofclubs.userevent",
    "pk": 50,
    "fields": {
      "user": 15,
      "event": 4,
      "state": 2
    }
  },
  {
    "model": "aceofclubs.userevent",
    "pk": 60,
    "fields": {
      "user": 16,
      "event": 4,
      "state": 2
    }
  },
  {
    "model": "aceofclubs.userevent",
    "pk": 61,
    "fields": {
      "user": 2,
      "event": 5,
      "state": 2
    }
  },
  {
    "model": "aceofclubs.userevent",
    "pk": 62,
    "fields": {
      "user": 3,
      "event": 5,
      "state": 2
    }
  },
  {
    "model": "aceofclubs.userevent",
    "pk": 63,
    "fields": {
      "user": 4,
      "event": 5,
      "state": 2
    }
  },
  {
    "model": "aceofclubs.userevent",
    "pk": 64,
    "fields": {
      "user": 5,
      "event": 5,
      "state": 3
    }
  },
  {
    "model": "aceofclubs.userevent",
    "pk": 65,
    "fields": {
      "user": 6,
      "event": 5,
      "state": 2
    }
  },
  {
    "model": "aceofclubs.userevent",
    "pk": 66,
    "fields": {
      "user": 7,
      "event": 5,
      "state": 2
    }
  },
  {
    "model": "aceofclubs.userevent",
    "pk": 67,
    "fields": {
      "user": 14,
      "event": 5,
      "state": 2
    }
  },
  {
    "model": "aceofclubs.userevent",
    "pk": 68,
    "fields": {
      "user": 15,
      "event": 5,
      "state": 2
    }
  },
  {
    "model": "aceofclubs.userevent",
    "pk": 69,
    "fields": {
      "user": 16,
      "event": 5,
      "state": 2
    }
  },
  {
    "model": "aceofclubs.userevent",
    "pk": 70,
    "fields": {
      "user": 2,
      "event": 6,
      "state": 2
    }
  },
  {
    "model": "aceofclubs.userevent",
    "pk": 71,
    "fields": {
      "user": 3,
      "event": 6,
      "state": 1
    }
  },
  {
    "model": "aceofclubs.userevent",
    "pk": 72,
    "fields": {
      "user": 4,
      "event": 6,
      "state": 2
    }
  },
  {
    "model": "aceofclubs.userevent",
    "pk": 73,
    "fields": {
      "user": 5,
      "event": 6,
      "state": 2
    }
  },
  {
    "model": "aceofclubs.userevent",
    "pk": 74,
    "fields": {
      "user": 6,
      "event": 6,
      "state": 3
    }
  },
  {
    "model": "aceofclubs.userevent",
    "pk": 75,
    "fields": {
      "user": 7,
      "event": 6,
      "state": 2
    }
  },
  {
    "model": "aceofclubs.userevent",
    "pk": 76,
    "fields": {
      "user": 8,
      "event": 6,
      "state": 2
    }
  },
  {
    "model": "aceofclubs.userevent",
    "pk": 77,
    "fields": {
      "user": 9,
      "event": 6,
      "state": 2
    }
  },
  {
    "model": "aceofclubs.userevent",
    "pk": 78,
    "fields": {
      "user": 10,
      "event": 6,
      "state": 2
    }
  },
  {
    "model": "aceofclubs.userevent",
    "pk": 79,
    "fields": {
      "user": 11,
      "event": 6,
      "state": 2
    }
  },
  {
    "model": "aceofclubs.userevent",
    "pk": 80,
    "fields": {
      "user": 12,
      "event": 6,
      "state": 2
    }
  },
  {
    "model": "aceofclubs.userevent",
    "pk": 81,
    "fields": {
      "user": 13,
      "event": 6,
      "state": 2
    }
  },
  {
    "model": "aceofclubs.userevent",
    "pk": 82,
    "fields": {
      "user": 14,
      "event": 6,
      "state": 2
    }
  },
  {
    "model": "aceofclubs.userevent",
    "pk": 83,
    "fields": {
      "user": 15,
      "event": 6,
      "state": 2
    }
  },
  {
    "model": "aceofclubs.userevent",
    "pk": 84,
    "fields": {
      "user": 16,
      "event": 6,
      "state": 2
    }
  },
  {
    "model": "aceofclubs.userevent",
    "pk": 85,
    "fields": {
      "user": 2,
      "event": 7,
      "state": 2
    }
  },
  {
    "model": "aceofclubs.userevent",
    "pk": 86,
    "fields": {
      "user": 3,
      "event": 7,
      "state": 2
    }
  },
  {
    "model": "aceofclubs.userevent",
    "pk": 87,
    "fields": {
      "user": 4,
      "event": 7,
      "state": 2
    }
  },
  {
    "model": "aceofclubs.userevent",
    "pk": 88,
    "fields": {
      "user": 5,
      "event": 7,
      "state": 2
    }
  },
  {
    "model": "aceofclubs.userevent",
    "pk": 89,
    "fields": {
      "user": 6,
      "event": 7,
      "state": 2
    }
  },
  {
    "model": "aceofclubs.userevent",
    "pk": 90,
    "fields": {
      "user": 7,
      "event": 7,
      "state": 2
    }
  },
  {
    "model": "aceofclubs.userevent",
    "pk": 91,
    "fields": {
      "user": 8,
      "event": 7,
      "state": 1
    }
  },
  {
    "model": "aceofclubs.userevent",
    "pk": 92,
    "fields": {
      "user": 9,
      "event": 7,
      "state": 2
    }
  },
  {
    "model": "aceofclubs.userevent",
    "pk": 93,
    "fields": {
      "user": 10,
      "event": 7,
      "state": 2
    }
  },
  {
    "model": "aceofclubs.userevent",
    "pk": 94,
    "fields": {
      "user": 11,
      "event": 7,
      "state": 2
    }
  },
  {
    "model": "aceofclubs.userevent",
    "pk": 95,
    "fields": {
      "user": 12,
      "event": 7,
      "state": 2
    }
  },
  {
    "model": "aceofclubs.userevent",
    "pk": 96,
    "fields": {
      "user": 13,
      "event": 7,
      "state": 3
    }
  },
  {
    "model": "aceofclubs.userevent",
    "pk": 97,
    "fields": {
      "user": 14,
      "event": 7,
      "state": 2
    }
  },
  {
    "model": "aceofclubs.userevent",
    "pk": 98,
    "fields": {
      "user": 15,
      "event": 7,
      "state": 2
    }
  },
  {
    "model": "aceofclubs.userevent",
    "pk": 99,
    "fields": {
      "user": 16,
      "event": 7,
      "state": 2
    }
  },
  {
    "model": "aceofclubs.userevent",
    "pk": 100,
    "fields": {
      "user": 2,
      "event": 8,
      "state": 2
    }
  },
  {
    "model": "aceofclubs.userevent",
    "pk": 101,
    "fields": {
      "user": 3,
      "event": 8,
      "state": 2
    }
  },
  {
    "model": "aceofclubs.userevent",
    "pk": 102,
    "fields": {
      "user": 4,
      "event": 8,
      "state": 2
    }
  },
  {
    "model": "aceofclubs.userevent",
    "pk": 103,
    "fields": {
      "user": 5,
      "event": 8,
      "state": 2
    }
  },
  {
    "model": "aceofclubs.userevent",
    "pk": 104,
    "fields": {
      "user": 6,
      "event": 8,
      "state": 2
    }
  },
  {
    "model": "aceofclubs.userevent",
    "pk": 105,
    "fields": {
      "user": 7,
      "event": 8,
      "state": 2
    }
  },
  {
    "model": "aceofclubs.userevent",
    "pk": 106,
    "fields": {
      "user": 8,
      "event": 8,
      "state": 2
    }
  },
  {
    "model": "aceofclubs.userevent",
    "pk": 107,
    "fields": {
      "user": 9,
      "event": 8,
      "state": 2
    }
  },
  {
    "model": "aceofclubs.userevent",
    "pk": 108,
    "fields": {
      "user": 10,
      "event": 8,
      "state": 2
    }
  },
  {
    "model": "aceofclubs.userevent",
    "pk": 109,
    "fields": {
      "user": 11,
      "event": 8,
      "state": 2
    }
  },
  {
    "model": "aceofclubs.userevent",
    "pk": 110,
    "fields": {
      "user": 12,
      "event": 8,
      "state": 2
    }
  },
  {
    "model": "aceofclubs.userevent",
    "pk": 111,
    "fields": {
      "user": 13,
      "event": 8,
      "state": 2
    }
  },
  {
    "model": "aceofclubs.userevent",
    "pk": 112,
    "fields": {
      "user": 2,
      "event": 16,
      "state": 2
    }
  },
  {
    "model": "aceofclubs.userevent",
    "pk": 113,
    "fields": {
      "user": 3,
      "event": 16,
      "state": 2
    }
  },
  {
    "model": "aceofclubs.userevent",
    "pk": 114,
    "fields": {
      "user": 4,
      "event": 16,
      "state": 2
    }
  },
  {
    "model": "aceofclubs.userevent",
    "pk": 115,
    "fields": {
      "user": 5,
      "event": 16,
      "state": 2
    }
  },
  {
    "model": "aceofclubs.userevent",
    "pk": 116,
    "fields": {
      "user": 6,
      "event": 16,
      "state": 2
    }
  },
  {
    "model": "aceofclubs.userevent",
    "pk": 117,
    "fields": {
      "user": 7,
      "event": 16,
      "state": 2
    }
  },
  {
    "model": "aceofclubs.userevent",
    "pk": 118,
    "fields": {
      "user": 8,
      "event": 16,
      "state": 2
    }
  },
  {
    "model": "aceofclubs.userevent",
    "pk": 119,
    "fields": {
      "user": 9,
      "event": 16,
      "state": 2
    }
  },
  {
    "model": "aceofclubs.userevent",
    "pk": 120,
    "fields": {
      "user": 10,
      "event": 16,
      "state": 2
    }
  },
  {
    "model": "aceofclubs.userevent",
    "pk": 121,
    "fields": {
      "user": 11,
      "event": 16,
      "state": 2
    }
  },
  {
    "model": "aceofclubs.userevent",
    "pk": 122,
    "fields": {
      "user": 12,
      "event": 16,
      "state": 2
    }
  },
  {
    "model": "aceofclubs.userevent",
    "pk": 123,
    "fields": {
      "user": 13,
      "event": 16,
      "state": 2
    }
  },
  {
    "model": "aceofclubs.userevent",
    "pk": 124,
    "fields": {
      "user": 14,
      "event": 16,
      "state": 2
    }
  },
  {
    "model": "aceofclubs.userevent",
    "pk": 125,
    "fields": {
      "user": 15,
      "event": 16,
      "state": 3
    }
  },
  {
    "model": "aceofclubs.userevent",
    "pk": 126,
    "fields": {
      "user": 16,
      "event": 16,
      "state": 2
    }
  },
  {
    "model": "aceofclubs.userevent",
    "pk": 127,
    "fields": {
      "user": 2,
      "event": 17,
      "state": 2
    }
  },
  {
    "model": "aceofclubs.userevent",
    "pk": 128,
    "fields": {
      "user": 3,
      "event": 17,
      "state": 2
    }
  },
  {
    "model": "aceofclubs.userevent",
    "pk": 129,
    "fields": {
      "user": 4,
      "event": 17,
      "state": 2
    }
  },
  {
    "model": "aceofclubs.userevent",
    "pk": 130,
    "fields": {
      "user": 5,
      "event": 17,
      "state": 2
    }
  },
  {
    "model": "aceofclubs.userevent",
    "pk": 131,
    "fields": {
      "user": 6,
      "event": 17,
      "state": 3
    }
  },
  {
    "model": "aceofclubs.userevent",
    "pk": 132,
    "fields": {
      "user": 7,
      "event": 17,
      "state": 2
    }
  },
  {
    "model": "aceofclubs.userevent",
    "pk": 133,
    "fields": {
      "user": 8,
      "event": 17,
      "state": 2
    }
  },
  {
    "model": "aceofclubs.userevent",
    "pk": 134,
    "fields": {
      "user": 9,
      "event": 17,
      "state": 3
    }
  },
  {
    "model": "aceofclubs.userevent",
    "pk": 135,
    "fields": {
      "user": 10,
      "event": 17,
      "state": 2
    }
  },
  {
    "model": "aceofclubs.userevent",
    "pk": 136,
    "fields": {
      "user": 11,
      "event": 17,
      "state": 2
    }
  },
  {
    "model": "aceofclubs.userevent",
    "pk": 137,
    "fields": {
      "user": 12,
      "event": 17,
      "state": 2
    }
  },
  {
    "model": "aceofclubs.userevent",
    "pk": 138,
    "fields": {
      "user": 13,
      "event": 17,
      "state": 2
    }
  },
  {
    "model": "aceofclubs.userevent",
    "pk": 139,
    "fields": {
      "user": 14,
      "event": 17,
      "state": 2
    }
  },
  {
    "model": "aceofclubs.userevent",
    "pk": 140,
    "fields": {
      "user": 15,
      "event": 17,
      "state": 2
    }
  },
  {
    "model": "aceofclubs.userevent",
    "pk": 141,
    "fields": {
      "user": 16,
      "event": 17,
      "state": 2
    }
  },
  {
    "model": "aceofclubs.userevent",
    "pk": 142,
    "fields": {
      "user": 2,
      "event": 18,
      "state": 2
    }
  },
  {
    "model": "aceofclubs.userevent",
    "pk": 143,
    "fields": {
      "user": 3,
      "event": 18,
      "state": 2
    }
  },
  {
    "model": "aceofclubs.userevent",
    "pk": 144,
    "fields": {
      "user": 4,
      "event": 18,
      "state": 2
    }
  },
  {
    "model": "aceofclubs.userevent",
    "pk": 145,
    "fields": {
      "user": 5,
      "event": 18,
      "state": 2
    }
  },
  {
    "model": "aceofclubs.userevent",
    "pk": 146,
    "fields": {
      "user": 6,
      "event": 18,
      "state": 1
    }
  },
  {
    "model": "aceofclubs.userevent",
    "pk": 147,
    "fields": {
      "user": 7,
      "event": 18,
      "state": 2
    }
  },
  {
    "model": "aceofclubs.userevent",
    "pk": 148,
    "fields": {
      "user": 8,
      "event": 18,
      "state": 2
    }
  },
  {
    "model": "aceofclubs.userevent",
    "pk": 149,
    "fields": {
      "user": 9,
      "event": 18,
      "state": 2
    }
  },
  {
    "model": "aceofclubs.userevent",
    "pk": 150,
    "fields": {
      "user": 10,
      "event": 18,
      "state": 2
    }
  },
  {
    "model": "aceofclubs.userevent",
    "pk": 151,
    "fields": {
      "user": 11,
      "event": 18,
      "state": 2
    }
  },
  {
    "model": "aceofclubs.userevent",
    "pk": 152,
    "fields": {
      "user": 12,
      "event": 18,
      "state": 3
    }
  },
  {
    "model": "aceofclubs.userevent",
    "pk": 153,
    "fields": {
      "user": 13,
      "event": 18,
      "state": 2
    }
  },
  {
    "model": "aceofclubs.userevent",
    "pk": 154,
    "fields": {
      "user": 2,
      "event": 19,
      "state": 2
    }
  },
  {
    "model": "aceofclubs.userevent",
    "pk": 155,
    "fields": {
      "user": 3,
      "event": 19,
      "state": 3
    }
  },
  {
    "model": "aceofclubs.userevent",
    "pk": 156,
    "fields": {
      "user": 4,
      "event": 19,
      "state": 2
    }
  },
  {
    "model": "aceofclubs.userevent",
    "pk": 157,
    "fields": {
      "user": 5,
      "event": 19,
      "state": 2
    }
  },
  {
    "model": "aceofclubs.userevent",
    "pk": 158,
    "fields": {
      "user": 6,
      "event": 19,
      "state": 2
    }
  },
  {
    "model": "aceofclubs.userevent",
    "pk": 159,
    "fields": {
      "user": 7,
      "event": 19,
      "state": 2
    }
  },
  {
    "model": "aceofclubs.userevent",
    "pk": 160,
    "fields": {
      "user": 8,
      "event": 19,
      "state": 2
    }
  },
  {
    "model": "aceofclubs.userevent",
    "pk": 161,
    "fields": {
      "user": 9,
      "event": 19,
      "state": 2
    }
  },
  {
    "model": "aceofclubs.userevent",
    "pk": 162,
    "fields": {
      "user": 10,
      "event": 19,
      "state": 2
    }
  },
  {
    "model": "aceofclubs.userevent",
    "pk": 163,
    "fields": {
      "user": 14,
      "event": 19,
      "state": 2
    }
  },
  {
    "model": "aceofclubs.userevent",
    "pk": 164,
    "fields": {
      "user": 15,
      "event": 19,
      "state": 2
    }
  },
  {
    "model": "aceofclubs.userevent",
    "pk": 165,
    "fields": {
      "user": 16,
      "event": 19,
      "state": 2
    }
  },
  {
    "model": "aceofclubs.userevent",
    "pk": 166,
    "fields": {
      "user": 2,
      "event": 20,
      "state": 2
    }
  },
  {
    "model": "aceofclubs.userevent",
    "pk": 167,
    "fields": {
      "user": 3,
      "event": 20,
      "state": 2
    }
  },
  {
    "model": "aceofclubs.userevent",
    "pk": 168,
    "fields": {
      "user": 4,
      "event": 20,
      "state": 2
    }
  },
  {
    "model": "aceofclubs.userevent",
    "pk": 169,
    "fields": {
      "user": 5,
      "event": 20,
      "state": 2
    }
  },
  {
    "model": "aceofclubs.userevent",
    "pk": 170,
    "fields": {
      "user": 6,
      "event": 20,
      "state": 3
    }
  },
  {
    "model": "aceofclubs.userevent",
    "pk": 171,
    "fields": {
      "user": 7,
      "event": 20,
      "state": 2
    }
  },
  {
    "model": "aceofclubs.userevent",
    "pk": 172,
    "fields": {
      "user": 8,
      "event": 20,
      "state": 2
    }
  },
  {
    "model": "aceofclubs.userevent",
    "pk": 173,
    "fields": {
      "user": 9,
      "event": 20,
      "state": 1
    }
  },
  {
    "model": "aceofclubs.userevent",
    "pk": 174,
    "fields": {
      "user": 10,
      "event": 20,
      "state": 2
    }
  },
  {
    "model": "aceofclubs.userevent",
    "pk": 175,
    "fields": {
      "user": 11,
      "event": 20,
      "state": 2
    }
  },
  {
    "model": "aceofclubs.userevent",
    "pk": 176,
    "fields": {
      "user": 12,
      "event": 20,
      "state": 2
    }
  },
  {
    "model": "aceofclubs.userevent",
    "pk": 177,
    "fields": {
      "user": 13,
      "event": 20,
      "state": 2
    }
  },
  {
    "model": "aceofclubs.userevent",
    "pk": 178,
    "fields": {
      "user": 14,
      "event": 20,
      "state": 3
    }
  },
  {
    "model": "aceofclubs.userevent",
    "pk": 179,
    "fields": {
      "user": 15,
      "event": 20,
      "state": 2
    }
  },
  {
    "model": "aceofclubs.userevent",
    "pk": 180,
    "fields": {
      "user": 16,
      "event": 20,
      "state": 2
    }
  },
  {
    "model": "auth.Group",
    "id": 1,
    "fields": {
      "name": "groupleader",
      "permissions": [44,37,38,40]
    }
  },
  {
    "model": "auth.Group",
    "id": 2,
    "fields": {
      "name": "user",
      "permissions": [40,44]
    }
  }
]
