[
  {"model": "aceofclubs.user",
    "pk": 1,
    "fields": {
      "password": "pbkdf2_sha256$216000$CRsyKxCGtvZW$bMxOoVgU9fkFc8cXcNTEnERq/b2XiPgvykAmxrIv4DE=",
      "is_superuser": true,
      "username": "admin",
      "first_name": "",
      "last_name": "",
      "email": "admin@aoc.at",
      "is_staff": true,
      "is_active": true,
      "date_joined": "2020-12-05T10:37:03.966Z",
      "groups": []
    }
  },
  {
    "model": "aceofclubs.user",
    "pk": 2,
    "fields": {
      "password": "pbkdf2_sha256$216000$CRsyKxCGtvZW$bMxOoVgU9fkFc8cXcNTEnERq/b2XiPgvykAmxrIv4DE=",
      "username": "maddns",
      "email": "martin.schweighofer@aoc.at",
      "first_name": "Martin",
      "last_name": "Schweighofer",
      "is_active": true,
      "is_staff": false,
      "groups": [1]
    }
  },
  {
    "model": "aceofclubs.user",
    "pk": 3,
    "fields": {
      "password": "pbkdf2_sha256$216000$CRsyKxCGtvZW$bMxOoVgU9fkFc8cXcNTEnERq/b2XiPgvykAmxrIv4DE=",
      "username": "pete",
      "email": "peter.feldgrill@aoc.at",
      "first_name": "Peter",
      "last_name": "Feldgrill",
      "is_active": true,
      "is_staff": false,
      "groups": [1]
    }
  },
  {
    "model": "aceofclubs.user",
    "pk": 4,
    "fields": {
      "password": "pbkdf2_sha256$216000$CRsyKxCGtvZW$bMxOoVgU9fkFc8cXcNTEnERq/b2XiPgvykAmxrIv4DE=",
      "username": "sophia",
      "email": "sophia.druckenthaner@aoc.at",
      "first_name": "Sophia",
      "last_name": "Druckenthaner",
      "is_active": true,
      "is_staff": false,
      "groups": [2]
    }
  },
  {
    "model": "aceofclubs.user",
    "pk": 5,
    "fields": {
      "password": "pbkdf2_sha256$216000$CRsyKxCGtvZW$bMxOoVgU9fkFc8cXcNTEnERq/b2XiPgvykAmxrIv4DE=",
      "username": "trippi",
      "email": "christoph.tripolt@aoc.at",
      "first_name": "Christoph",
      "last_name": "Tripolt",
      "is_active": true,
      "is_staff": false,
      "groups": [2]
    }
  },
  {
    "model": "aceofclubs.user",
    "pk": 6,
    "fields": {
      "password": "pbkdf2_sha256$216000$CRsyKxCGtvZW$bMxOoVgU9fkFc8cXcNTEnERq/b2XiPgvykAmxrIv4DE=",
      "username": "tom",
      "email": "thomas.kristan@aoc.at",
      "first_name": "Thomas",
      "last_name": "Kristan",
      "is_active": true,
      "is_staff": false,
      "groups": [2]
    }
  },
  {"model": "aceofclubs.group",
    "pk": 1,
    "fields": {
      "name": "ALLE"
    }
  },
  {"model": "aceofclubs.group",
    "pk": 2,
    "fields": {
      "name": "Posaune"
    }
  },
  {"model": "aceofclubs.group",
    "pk": 3,
    "fields": {
      "name": "Trompete"
    }
  },
  {"model": "aceofclubs.group",
    "pk": 4,
    "fields": {
      "name": "Klarinette"
    }
  },
  {"model": "aceofclubs.group",
    "pk": 5,
    "fields": {
      "name": "Tuba"
    }
  },
  {"model": "aceofclubs.group",
    "pk": 6,
    "fields": {
      "name": "Querflöte"
    }
  },
  {"model": "aceofclubs.eventtype",
    "pk": 1,
    "fields": {
      "description": "Probe"
    }
  },
  {"model": "aceofclubs.eventtype",
    "pk": 2,
    "fields": {
      "description": "Auftritt"
    }
  },
  {"model": "aceofclubs.eventtype",
    "pk": 3,
    "fields": {
      "description": "Wettbewerb"
    }
  },
  {"model": "aceofclubs.eventtype",
    "pk": 4,
    "fields": {
      "description": "Besprechung"
    }
  },
  {"model": "aceofclubs.eventtype",
    "pk": 5,
    "fields": {
      "description": "Sitzung"
    }
  },
  {"model": "aceofclubs.state",
    "pk": 1,
    "fields": {
      "description": "keine Antwort"
    }
  },
  {"model": "aceofclubs.state",
    "pk": 2,
    "fields": {
      "description": "Teilnehmen"
    }
  },
  {"model": "aceofclubs.state",
    "pk": 3,
    "fields": {
      "description": "Absage"
    }
  },
  {"model": "aceofclubs.usergroup",
    "pk": 1,
    "fields": {
      "user": 1,
      "group": 1,
      "is_leader": true
    }
  },
  {"model": "aceofclubs.usergroup",
    "pk": 2,
    "fields": {
      "user": 2,
      "group": 1,
      "is_leader": false
    }
  },
  {"model": "aceofclubs.usergroup",
    "pk": 3,
    "fields": {
      "user": 3,
      "group": 1,
      "is_leader": false
    }
  },
  {"model": "aceofclubs.usergroup",
    "pk": 4,
    "fields": {
      "user": 4,
      "group": 1,
      "is_leader": false
    }
  },
  {"model": "aceofclubs.usergroup",
    "pk": 5,
    "fields": {
      "user": 5,
      "group": 1,
      "is_leader": false
    }
  },
  {"model": "aceofclubs.usergroup",
    "pk": 6,
    "fields": {
      "user": 6,
      "group": 1,
      "is_leader": false
    }
  },
  {"model": "aceofclubs.usergroup",
    "pk": 17,
    "fields": {
      "user": 2,
      "group": 2,
      "is_leader": true
    }
  },
  {"model": "aceofclubs.usergroup",
    "pk": 18,
    "fields": {
      "user": 3,
      "group": 2,
      "is_leader": false
    }
  },
  {"model": "aceofclubs.usergroup",
    "pk": 19,
    "fields": {
      "user": 4,
      "group": 2,
      "is_leader": false
    }
  },
  {"model": "aceofclubs.usergroup",
    "pk": 20,
    "fields": {
      "user": 5,
      "group": 3,
      "is_leader": true
    }
  },
  {
    "model": "aceofclubs.event",
    "pk": 1,
    "fields": {
      "name": "Probe",
      "start_date": "2021-01-09",
      "start_time": "19:00:00",
      "end_date": "2021-01-09",
      "end_time": "21:00:00",
      "active": true,
      "group": [
        2,
        3,
        4
      ],
      "ev_type": 1
    }
  },
  {
    "model": "aceofclubs.event",
    "pk": 2,
    "fields": {
      "name": "Probe Graz",
      "start_date": "2021-01-15",
      "start_time": "19:00:00",
      "end_date": "2021-01-15",
      "end_time": "21:00:00",
      "active": true,
      "group": [
        1
      ],
      "ev_type": 1
    }
  },
  {
    "model": "aceofclubs.event",
    "pk": 3,
    "fields": {
      "name": "Probe Wien",
      "start_date": "2021-01-06",
      "start_time": "19:00:00",
      "end_date": "2021-01-06",
      "end_time": "21:00:00",
      "active": true,
      "group": [
        3,
        4,
        5,
        6
      ],
      "ev_type": 1
    }
  },
  {
    "model": "aceofclubs.event",
    "pk": 4,
    "fields": {
      "name": "Probe Salzburg",
      "start_date": "2021-01-13",
      "start_time": "19:00:00",
      "end_date": "2021-01-13",
      "end_time": "21:00:00",
      "active": true,
      "group": [
        1
      ],
      "ev_type": 1
    }
  },
  {
    "model": "aceofclubs.event",
    "pk": 5,
    "fields": {
      "name": "Probe Oberösterreich",
      "start_date": "2021-01-20",
      "start_time": "19:00:00",
      "end_date": "2021-01-20",
      "end_time": "21:00:00",
      "active": true,
      "group": [
        2,
        3,
        6
      ],
      "ev_type": 1
    }
  },
  {
    "model": "aceofclubs.event",
    "pk": 6,
    "fields": {
      "name": "Probe Tirol",
      "start_date": "2021-01-22",
      "start_time": "19:00:00",
      "end_date": "2021-01-22",
      "end_time": "21:00:00",
      "active": true,
      "group": [
        1
      ],
      "ev_type": 1
    }
  },
  {
    "model": "aceofclubs.event",
    "pk": 7,
    "fields": {
      "name": "Probe Graz 2",
      "start_date": "2021-01-27",
      "start_time": "19:00:00",
      "end_date": "2021-01-27",
      "end_time": "21:00:00",
      "active": true,
      "group": [
        1
      ],
      "ev_type": 1
    }
  },
  {
    "model": "aceofclubs.event",
    "pk": 8,
    "fields": {
      "name": "Auftritt Wien",
      "start_date": "2021-01-08",
      "start_time": "14:00:00",
      "end_date": "2021-01-08",
      "end_time": "17:00:00",
      "active": true,
      "group": [
        1
      ],
      "ev_type": 2
    }
  },
  {
    "model": "aceofclubs.event",
    "pk": 9,
    "fields": {
      "name": "Auftritt Linz",
      "start_date": "2021-01-11",
      "start_time": "18:00:00",
      "end_date": "2021-01-11",
      "end_time": "22:00:00",
      "active": true,
      "group": [
        1
      ],
      "ev_type": 2
    }
  },
  {
    "model": "aceofclubs.event",
    "pk": 10,
    "fields": {
      "name": "Auftritt Innsbruck",
      "start_date": "2021-01-14",
      "start_time": "19:00:00",
      "end_date": "2021-01-14",
      "end_time": "23:00:00",
      "active": true,
      "group": [
        2,
        3,
        4,
        5
      ],
      "ev_type": 2
    }
  },
  {
    "model": "aceofclubs.event",
    "pk": 11,
    "fields": {
      "name": "Konzert Graz",
      "start_date": "2021-01-15",
      "start_time": "19:00:00",
      "end_date": "2021-01-15",
      "end_time": "23:00:00",
      "active": true,
      "group": [
        2,
        3,
        4,
        6
      ],
      "ev_type": 2
    }
  },
  {
    "model": "aceofclubs.event",
    "pk": 12,
    "fields": {
      "name": "Konzert Wien",
      "start_date": "2021-01-31",
      "start_time": "19:00:00",
      "end_date": "2021-01-31",
      "end_time": "23:00:00",
      "active": true,
      "group": [
        1
      ],
      "ev_type": 2
    }
  },
  {
    "model": "aceofclubs.event",
    "pk": 13,
    "fields": {
      "name": "Konzert Klagenfurt",
      "start_date": "2021-01-20",
      "start_time": "19:00:00",
      "end_date": "2021-01-20",
      "end_time": "23:00:00",
      "active": true,
      "group": [
        1
      ],
      "ev_type": 2
    }
  },
  {
    "model": "aceofclubs.event",
    "pk": 14,
    "fields": {
      "name": "Konzert Salzburg",
      "start_date": "2021-02-05",
      "start_time": "16:00:00",
      "end_date": "2021-02-05",
      "end_time": "18:00:00",
      "active": true,
      "group": [
        4
      ],
      "ev_type": 2
    }
  },
  {
    "model": "aceofclubs.event",
    "pk": 15,
    "fields": {
      "name": "Auftritt Wels",
      "start_date": "2021-02-10",
      "start_time": "16:00:00",
      "end_date": "2021-02-10",
      "end_time": "18:00:00",
      "active": true,
      "group": [
        2
      ],
      "ev_type": 2
    }
  },
  {
    "model": "aceofclubs.event",
    "pk": 16,
    "fields": {
      "name": "Probe",
      "start_date": "2021-02-10",
      "start_time": "14:00:00",
      "end_date": "2021-02-10",
      "end_time": "16:00:00",
      "active": true,
      "group": [
        2
      ],
      "ev_type": 1
    }
  },
  {
    "model": "aceofclubs.event",
    "pk": 17,
    "fields": {
      "name": "Wettbewerb",
      "start_date": "2021-02-26",
      "start_time": "10:00:00",
      "end_date": "2021-02-26",
      "end_time": "18:00:00",
      "active": true,
      "group": [
        1
      ],
      "ev_type": 3
    }
  },
  {
    "model": "aceofclubs.event",
    "pk": 18,
    "fields": {
      "name": "Marschwertung",
      "start_date": "2021-03-26",
      "start_time": "10:00:00",
      "end_date": "2021-03-26",
      "end_time": "18:00:00",
      "active": true,
      "group": [
        1
      ],
      "ev_type": 3
    }
  },
  {
    "model": "aceofclubs.event",
    "pk": 19,
    "fields": {
      "name": "Wettbewerb Graz",
      "start_date": "2021-04-26",
      "start_time": "10:00:00",
      "end_date": "2021-04-26",
      "end_time": "18:00:00",
      "active": true,
      "group": [
        3,
        4,
        5
      ],
      "ev_type": 3
    }
  },
  {
    "model": "aceofclubs.event",
    "pk": 20,
    "fields": {
      "name": "Besprechung 01.2021",
      "start_date": "2021-01-31",
      "start_time": "09:00:00",
      "end_date": "2021-01-31",
      "end_time": "11:30:00",
      "active": true,
      "group": [
        1
      ],
      "ev_type": 4
    }
  },
  {
    "model": "aceofclubs.event",
    "pk": 21,
    "fields": {
      "name": "Gruppenbesprechung Posaune",
      "start_date": "2021-01-15",
      "start_time": "09:00:00",
      "end_date": "2021-01-31",
      "end_time": "11:30:00",
      "active": true,
      "group": [
        2
      ],
      "ev_type": 4
    }
  },
  {
    "model": "aceofclubs.event",
    "pk": 22,
    "fields": {
      "name": "Gruppenbesprechung Trompete",
      "start_date": "2021-01-16",
      "start_time": "09:00:00",
      "end_date": "2021-01-16",
      "end_time": "11:30:00",
      "active": true,
      "group": [
        3
      ],
      "ev_type": 4
    }
  },
  {
    "model": "aceofclubs.event",
    "pk": 23,
    "fields": {
      "name": "Gruppenbesprechung Klarinetten",
      "start_date": "2021-01-17",
      "start_time": "09:00:00",
      "end_date": "2021-01-17",
      "end_time": "11:30:00",
      "active": true,
      "group": [
        4
      ],
      "ev_type": 4
    }
  },
  {
    "model": "aceofclubs.event",
    "pk": 24,
    "fields": {
      "name": "Gruppenbesprechung Tubas",
      "start_date": "2021-01-18",
      "start_time": "09:00:00",
      "end_date": "2021-01-18",
      "end_time": "11:30:00",
      "active": true,
      "group": [
        5
      ],
      "ev_type": 4
    }
  },
  {
    "model": "aceofclubs.event",
    "pk": 25,
    "fields": {
      "name": "Gruppenbesprechung Querflöten",
      "start_date": "2021-01-19",
      "start_time": "09:00:00",
      "end_date": "2021-01-19",
      "end_time": "11:30:00",
      "active": true,
      "group": [
        6
      ],
      "ev_type": 4
    }
  },
  {
    "model": "aceofclubs.event",
    "pk": 26,
    "fields": {
      "name": "Bezirksmusikfest",
      "start_date": "2021-03-30",
      "start_time": "10:00:00",
      "end_date": "2021-03-30",
      "end_time": "22:00:00",
      "active": true,
      "group": [
        1
      ],
      "ev_type": 5
    }
  },
  {
    "model": "aceofclubs.event",
    "pk": 27,
    "fields": {
      "name": "Nacht der Blasmusik",
      "start_date": "2021-02-28",
      "start_time": "19:00:00",
      "end_date": "2021-02-28",
      "end_time": "23:00:00",
      "active": true,
      "group": [
        1
      ],
      "ev_type": 5
    }
  },
  {
    "model": "aceofclubs.userevent",
    "pk": 1,
    "fields": {
      "user": 2,
      "event": 1,
      "state": 2
    }
  },
  {
    "model": "aceofclubs.userevent",
    "pk": 2,
    "fields": {
      "user": 3,
      "event": 1,
      "state": 2
    }
  },
  {
    "model": "aceofclubs.userevent",
    "pk": 3,
    "fields": {
      "user": 4,
      "event": 1,
      "state": 2
    }
  },
  {
    "model": "aceofclubs.userevent",
    "pk": 4,
    "fields": {
      "user": 5,
      "event": 1,
      "state": 1
    }
  },
  {
    "model": "aceofclubs.userevent",
    "pk": 10,
    "fields": {
      "user": 2,
      "event": 2,
      "state": 2
    }
  },
  {
    "model": "aceofclubs.userevent",
    "pk": 11,
    "fields": {
      "user": 3,
      "event": 2,
      "state": 2
    }
  },
  {
    "model": "aceofclubs.userevent",
    "pk": 12,
    "fields": {
      "user": 4,
      "event": 2,
      "state": 2
    }
  },
  {
    "model": "aceofclubs.userevent",
    "pk": 13,
    "fields": {
      "user": 5,
      "event": 2,
      "state": 2
    }
  },
  {
    "model": "aceofclubs.userevent",
    "pk": 25,
    "fields": {
      "user": 5,
      "event": 3,
      "state": 2
    }
  },
  {
    "model": "aceofclubs.userevent",
    "pk": 37,
    "fields": {
      "user": 2,
      "event": 4,
      "state": 3
    }
  },
  {
    "model": "aceofclubs.userevent",
    "pk": 38,
    "fields": {
      "user": 3,
      "event": 4,
      "state": 2
    }
  },
  {
    "model": "aceofclubs.userevent",
    "pk": 39,
    "fields": {
      "user": 4,
      "event": 4,
      "state": 3
    }
  },
  {
    "model": "aceofclubs.userevent",
    "pk": 40,
    "fields": {
      "user": 5,
      "event": 4,
      "state": 2
    }
  },
  {
    "model": "aceofclubs.userevent",
    "pk": 61,
    "fields": {
      "user": 2,
      "event": 5,
      "state": 2
    }
  },
  {
    "model": "aceofclubs.userevent",
    "pk": 62,
    "fields": {
      "user": 3,
      "event": 5,
      "state": 2
    }
  },
  {
    "model": "aceofclubs.userevent",
    "pk": 63,
    "fields": {
      "user": 4,
      "event": 5,
      "state": 2
    }
  },
  {
    "model": "aceofclubs.userevent",
    "pk": 64,
    "fields": {
      "user": 5,
      "event": 5,
      "state": 3
    }
  },
  {
    "model": "aceofclubs.userevent",
    "pk": 70,
    "fields": {
      "user": 2,
      "event": 6,
      "state": 2
    }
  },
  {
    "model": "aceofclubs.userevent",
    "pk": 71,
    "fields": {
      "user": 3,
      "event": 6,
      "state": 1
    }
  },
  {
    "model": "aceofclubs.userevent",
    "pk": 72,
    "fields": {
      "user": 4,
      "event": 6,
      "state": 2
    }
  },
  {
    "model": "aceofclubs.userevent",
    "pk": 73,
    "fields": {
      "user": 5,
      "event": 6,
      "state": 2
    }
  },
  {
    "model": "aceofclubs.userevent",
    "pk": 85,
    "fields": {
      "user": 2,
      "event": 7,
      "state": 2
    }
  },
  {
    "model": "aceofclubs.userevent",
    "pk": 86,
    "fields": {
      "user": 3,
      "event": 7,
      "state": 2
    }
  },
  {
    "model": "aceofclubs.userevent",
    "pk": 87,
    "fields": {
      "user": 4,
      "event": 7,
      "state": 2
    }
  },
  {
    "model": "aceofclubs.userevent",
    "pk": 88,
    "fields": {
      "user": 5,
      "event": 7,
      "state": 2
    }
  },
  {
    "model": "aceofclubs.userevent",
    "pk": 100,
    "fields": {
      "user": 2,
      "event": 8,
      "state": 2
    }
  },
  {
    "model": "aceofclubs.userevent",
    "pk": 101,
    "fields": {
      "user": 3,
      "event": 8,
      "state": 2
    }
  },
  {
    "model": "aceofclubs.userevent",
    "pk": 102,
    "fields": {
      "user": 4,
      "event": 8,
      "state": 2
    }
  },
  {
    "model": "aceofclubs.userevent",
    "pk": 103,
    "fields": {
      "user": 5,
      "event": 8,
      "state": 2
    }
  },
  {
    "model": "aceofclubs.userevent",
    "pk": 112,
    "fields": {
      "user": 2,
      "event": 16,
      "state": 2
    }
  },
  {
    "model": "aceofclubs.userevent",
    "pk": 113,
    "fields": {
      "user": 3,
      "event": 16,
      "state": 2
    }
  },
  {
    "model": "aceofclubs.userevent",
    "pk": 114,
    "fields": {
      "user": 4,
      "event": 16,
      "state": 2
    }
  },
  {
    "model": "aceofclubs.userevent",
    "pk": 115,
    "fields": {
      "user": 5,
      "event": 16,
      "state": 2
    }
  },
  {
    "model": "aceofclubs.userevent",
    "pk": 127,
    "fields": {
      "user": 2,
      "event": 17,
      "state": 2
    }
  },
  {
    "model": "aceofclubs.userevent",
    "pk": 128,
    "fields": {
      "user": 3,
      "event": 17,
      "state": 2
    }
  },
  {
    "model": "aceofclubs.userevent",
    "pk": 129,
    "fields": {
      "user": 4,
      "event": 17,
      "state": 2
    }
  },
  {
    "model": "aceofclubs.userevent",
    "pk": 130,
    "fields": {
      "user": 5,
      "event": 17,
      "state": 2
    }
  },
  {
    "model": "aceofclubs.userevent",
    "pk": 142,
    "fields": {
      "user": 2,
      "event": 18,
      "state": 2
    }
  },
  {
    "model": "aceofclubs.userevent",
    "pk": 143,
    "fields": {
      "user": 3,
      "event": 18,
      "state": 2
    }
  },
  {
    "model": "aceofclubs.userevent",
    "pk": 144,
    "fields": {
      "user": 4,
      "event": 18,
      "state": 2
    }
  },
  {
    "model": "aceofclubs.userevent",
    "pk": 145,
    "fields": {
      "user": 5,
      "event": 18,
      "state": 2
    }
  },
  {
    "model": "aceofclubs.userevent",
    "pk": 154,
    "fields": {
      "user": 2,
      "event": 19,
      "state": 2
    }
  },
  {
    "model": "aceofclubs.userevent",
    "pk": 155,
    "fields": {
      "user": 3,
      "event": 19,
      "state": 3
    }
  },
  {
    "model": "aceofclubs.userevent",
    "pk": 156,
    "fields": {
      "user": 4,
      "event": 19,
      "state": 2
    }
  },
  {
    "model": "aceofclubs.userevent",
    "pk": 157,
    "fields": {
      "user": 5,
      "event": 19,
      "state": 2
    }
  },
  {
    "model": "aceofclubs.userevent",
    "pk": 166,
    "fields": {
      "user": 2,
      "event": 20,
      "state": 2
    }
  },
  {
    "model": "aceofclubs.userevent",
    "pk": 167,
    "fields": {
      "user": 3,
      "event": 20,
      "state": 2
    }
  },
  {
    "model": "aceofclubs.userevent",
    "pk": 168,
    "fields": {
      "user": 4,
      "event": 20,
      "state": 2
    }
  },
  {
    "model": "aceofclubs.userevent",
    "pk": 169,
    "fields": {
      "user": 5,
      "event": 20,
      "state": 2
    }
  },
  {
    "model": "auth.Group",
    "id": 1,
    "fields": {
      "name": "groupleader",
      "permissions": [44,37,38,40]
    }
  },
  {
    "model": "auth.Group",
    "id": 2,
    "fields": {
      "name": "user",
      "permissions": [40,44]
    }
  }
]
